"Nom de l'entité","Type","Description"
,"Département","Département : "
"Relation Médias","Service","Service : Relation Médias sous le département : "
,"Département","Département : "
,"Service","Service :  sous le département : "
,"Département","Département : "
"Communication interne","Service","Service : Communication interne sous le département : "
,"Département","Département : "
"Relation Médias","Service","Service : Relation Médias sous le département : "
,"Département","Département : "
"Communication interne","Service","Service : Communication interne sous le département : "
,"Département","Département : "
"Communication interne","Service","Service : Communication interne sous le département : "
,"Département","Département : "
"Relation Médias","Service","Service : Relation Médias sous le département : "
,"Département","Département : "
"Relation Médias","Service","Service : Relation Médias sous le département : "
,"Département","Département : "
,"Service","Service :  sous le département : "
,"Département","Département : "
"Gestion des marques","Service","Service : Gestion des marques sous le département : "
,"Département","Département : "
"Gestion des marques","Service","Service : Gestion des marques sous le département : "
,"Département","Département : "
"Gestion des marques","Service","Service : Gestion des marques sous le département : "
,"Département","Département : "
"Communication interne","Service","Service : Communication interne sous le département : "
,"Département","Département : "
"Gestion des marques","Service","Service : Gestion des marques sous le département : "
,"Département","Département : "
"Gestion des marques","Service","Service : Gestion des marques sous le département : "
,"Département","Département : "
,"Service","Service :  sous le département : "
,"Département","Département : "
"Relation Médias","Service","Service : Relation Médias sous le département : "
,"Département","Département : "
"Relation Médias","Service","Service : Relation Médias sous le département : "
,"Département","Département : "
"Propriété intellectuelle","Service","Service : Propriété intellectuelle sous le département : "
,"Département","Département : "
,"Service","Service :  sous le département : "
,"Département","Département : "
"Propriété intellectuelle","Service","Service : Propriété intellectuelle sous le département : "
,"Département","Département : "
"Droit des sociétés","Service","Service : Droit des sociétés sous le département : "
,"Département","Département : "
"Droit des sociétés","Service","Service : Droit des sociétés sous le département : "
,"Département","Département : "
"Droit des sociétés","Service","Service : Droit des sociétés sous le département : "
,"Département","Département : "
"Protection des données et conformité","Service","Service : Protection des données et conformité sous le département : "
,"Département","Département : "
"Protection des données et conformité","Service","Service : Protection des données et conformité sous le département : "
,"Département","Département : "
"Droit des sociétés","Service","Service : Droit des sociétés sous le département : "
,"Département","Département : "
"Protection des données et conformité","Service","Service : Protection des données et conformité sous le département : "
,"Département","Département : "
"Développement","Service","Service : Développement sous le département : "
,"Département","Département : "
"analyse et conception","Service","Service : analyse et conception sous le département : "
,"Département","Département : "
"Développement","Service","Service : Développement sous le département : "
,"Département","Département : "
"Développement","Service","Service : Développement sous le département : "
,"Département","Département : "
"Développement","Service","Service : Développement sous le département : "
,"Département","Département : "
"Test et qualité","Service","Service : Test et qualité sous le département : "
,"Département","Département : "
"Développement","Service","Service : Développement sous le département : "
,"Département","Département : "
"Développement","Service","Service : Développement sous le département : "
,"Département","Département : "
"Développement","Service","Service : Développement sous le département : "
,"Département","Département : "
"Développement","Service","Service : Développement sous le département : "
,"Département","Département : "
"Test et qualité","Service","Service : Test et qualité sous le département : "
,"Département","Département : "
"Développement","Service","Service : Développement sous le département : "
,"Département","Département : "
"analyse et conception","Service","Service : analyse et conception sous le département : "
,"Département","Département : "
"Développement","Service","Service : Développement sous le département : "
,"Département","Département : "
"Développement","Service","Service : Développement sous le département : "
,"Département","Département : "
"Développement","Service","Service : Développement sous le département : "
,"Département","Département : "
"Développement","Service","Service : Développement sous le département : "
,"Département","Département : "
"Test et qualité","Service","Service : Test et qualité sous le département : "
,"Département","Département : "
"Développement","Service","Service : Développement sous le département : "
,"Département","Département : "
"Développement","Service","Service : Développement sous le département : "
,"Département","Département : "
"Développement","Service","Service : Développement sous le département : "
,"Département","Département : "
"Développement","Service","Service : Développement sous le département : "
,"Département","Département : "
"Test et qualité","Service","Service : Test et qualité sous le département : "
,"Département","Département : "
"Développement","Service","Service : Développement sous le département : "
,"Département","Département : "
"Test et qualité","Service","Service : Test et qualité sous le département : "
,"Département","Département : "
"Test et qualité","Service","Service : Test et qualité sous le département : "
,"Département","Département : "
"Test et qualité","Service","Service : Test et qualité sous le département : "
,"Département","Département : "
"Développement","Service","Service : Développement sous le département : "
,"Département","Département : "
"analyse et conception","Service","Service : analyse et conception sous le département : "
,"Département","Département : "
"Développement","Service","Service : Développement sous le département : "
,"Département","Département : "
"analyse et conception","Service","Service : analyse et conception sous le département : "
,"Département","Département : "
"Développement","Service","Service : Développement sous le département : "
,"Département","Département : "
"Développement","Service","Service : Développement sous le département : "
,"Département","Département : "
"Test et qualité","Service","Service : Test et qualité sous le département : "
,"Département","Département : "
"Développement","Service","Service : Développement sous le département : "
,"Département","Département : "
"Développement","Service","Service : Développement sous le département : "
,"Département","Département : "
"Développement","Service","Service : Développement sous le département : "
,"Département","Département : "
"Test et qualité","Service","Service : Test et qualité sous le département : "
,"Département","Département : "
"Développement","Service","Service : Développement sous le département : "
,"Département","Département : "
"Développement","Service","Service : Développement sous le département : "
,"Département","Département : "
"Recherche et Prototype","Service","Service : Recherche et Prototype sous le département : "
,"Département","Département : "
"Développement","Service","Service : Développement sous le département : "
,"Département","Département : "
"Développement","Service","Service : Développement sous le département : "
,"Département","Département : "
"analyse et conception","Service","Service : analyse et conception sous le département : "
,"Département","Département : "
"Développement","Service","Service : Développement sous le département : "
,"Département","Département : "
"Recherche et Prototype","Service","Service : Recherche et Prototype sous le département : "
,"Département","Département : "
"Développement","Service","Service : Développement sous le département : "
,"Département","Département : "
"Développement","Service","Service : Développement sous le département : "
,"Département","Département : "
"Développement","Service","Service : Développement sous le département : "
,"Département","Département : "
"Développement","Service","Service : Développement sous le département : "
,"Département","Département : "
"Test et qualité","Service","Service : Test et qualité sous le département : "
,"Département","Département : "
"Test et qualité","Service","Service : Test et qualité sous le département : "
,"Département","Département : "
"Développement","Service","Service : Développement sous le département : "
,"Département","Département : "
"Développement","Service","Service : Développement sous le département : "
,"Département","Département : "
"analyse et conception","Service","Service : analyse et conception sous le département : "
,"Département","Département : "
"Test et qualité","Service","Service : Test et qualité sous le département : "
,"Département","Département : "
"Développement","Service","Service : Développement sous le département : "
,"Département","Département : "
"Développement","Service","Service : Développement sous le département : "
,"Département","Département : "
"Test et qualité","Service","Service : Test et qualité sous le département : "
,"Département","Département : "
"Développement","Service","Service : Développement sous le département : "
,"Département","Département : "
"Développement","Service","Service : Développement sous le département : "
,"Département","Département : "
"Développement","Service","Service : Développement sous le département : "
,"Département","Département : "
"analyse et conception","Service","Service : analyse et conception sous le département : "
,"Département","Département : "
"Test et qualité","Service","Service : Test et qualité sous le département : "
,"Département","Département : "
"Recherche et Prototype","Service","Service : Recherche et Prototype sous le département : "
,"Département","Département : "
"Test et qualité","Service","Service : Test et qualité sous le département : "
,"Département","Département : "
"Développement","Service","Service : Développement sous le département : "
,"Département","Département : "
"Développement","Service","Service : Développement sous le département : "
,"Département","Département : "
"Test et qualité","Service","Service : Test et qualité sous le département : "
,"Département","Département : "
"analyse et conception","Service","Service : analyse et conception sous le département : "
,"Département","Département : "
"Développement","Service","Service : Développement sous le département : "
,"Département","Département : "
"Test et qualité","Service","Service : Test et qualité sous le département : "
,"Département","Département : "
"analyse et conception","Service","Service : analyse et conception sous le département : "
,"Département","Département : "
"Développement","Service","Service : Développement sous le département : "
,"Département","Département : "
"Développement","Service","Service : Développement sous le département : "
,"Département","Département : "
"Développement","Service","Service : Développement sous le département : "
,"Département","Département : "
"Développement","Service","Service : Développement sous le département : "
,"Département","Département : "
"Développement","Service","Service : Développement sous le département : "
,"Département","Département : "
"Développement","Service","Service : Développement sous le département : "
,"Département","Département : "
,"Service","Service :  sous le département : "
,"Département","Département : "
"Recherche et Prototype","Service","Service : Recherche et Prototype sous le département : "
,"Département","Département : "
"analyse et conception","Service","Service : analyse et conception sous le département : "
,"Département","Département : "
"Test et qualité","Service","Service : Test et qualité sous le département : "
,"Département","Département : "
"Développement","Service","Service : Développement sous le département : "
,"Département","Département : "
"Développement","Service","Service : Développement sous le département : "
,"Département","Département : "
"Développement","Service","Service : Développement sous le département : "
,"Département","Département : "
"Développement","Service","Service : Développement sous le département : "
,"Département","Département : "
"analyse et conception","Service","Service : analyse et conception sous le département : "
,"Département","Département : "
"analyse et conception","Service","Service : analyse et conception sous le département : "
,"Département","Département : "
"Développement","Service","Service : Développement sous le département : "
,"Département","Département : "
"Développement","Service","Service : Développement sous le département : "
,"Département","Département : "
"Développement","Service","Service : Développement sous le département : "
,"Département","Département : "
"Développement","Service","Service : Développement sous le département : "
,"Département","Département : "
"Développement","Service","Service : Développement sous le département : "
,"Département","Département : "
,"Service","Service :  sous le département : "
,"Département","Département : "
,"Service","Service :  sous le département : "
,"Département","Département : "
,"Service","Service :  sous le département : "
,"Département","Département : "
"Exploitation","Service","Service : Exploitation sous le département : "
,"Département","Département : "
"Administration Systèmes et Réseaux","Service","Service : Administration Systèmes et Réseaux sous le département : "
,"Département","Département : "
,"Service","Service :  sous le département : "
,"Département","Département : "
"Exploitation","Service","Service : Exploitation sous le département : "
,"Département","Département : "
"Exploitation","Service","Service : Exploitation sous le département : "
,"Département","Département : "
"Exploitation","Service","Service : Exploitation sous le département : "
,"Département","Département : "
"Développement et Intégration","Service","Service : Développement et Intégration sous le département : "
,"Département","Département : "
"Développement et Intégration","Service","Service : Développement et Intégration sous le département : "
,"Département","Département : "
"Administration Systèmes et Réseaux","Service","Service : Administration Systèmes et Réseaux sous le département : "
,"Département","Département : "
"Administration Systèmes et Réseaux","Service","Service : Administration Systèmes et Réseaux sous le département : "
,"Département","Département : "
"Développement et Intégration","Service","Service : Développement et Intégration sous le département : "
,"Département","Département : "
"Support","Service","Service : Support sous le département : "
,"Département","Département : "
"Finance","Service","Service : Finance sous le département : "
,"Département","Département : "
"Service Comptabilité","Service","Service : Service Comptabilité sous le département : "
,"Département","Département : "
"Service Comptabilité","Service","Service : Service Comptabilité sous le département : "
,"Département","Département : "
"Finance","Service","Service : Finance sous le département : "
,"Département","Département : "
"Service Comptabilité","Service","Service : Service Comptabilité sous le département : "
,"Département","Département : "
"Finance","Service","Service : Finance sous le département : "
,"Département","Département : "
"Fiscalité","Service","Service : Fiscalité sous le département : "
,"Département","Département : "
"Finance","Service","Service : Finance sous le département : "
,"Département","Département : "
"Contrôle Qualité","Service","Service : Contrôle Qualité sous le département : "
,"Département","Département : "
"Gestion environnementale","Service","Service : Gestion environnementale sous le département : "
,"Département","Département : "
"Certification","Service","Service : Certification sous le département : "
,"Département","Département : "
"Contrôle Qualité","Service","Service : Contrôle Qualité sous le département : "
,"Département","Département : "
"ADV","Service","Service : ADV sous le département : "
,"Département","Département : "
"ADV","Service","Service : ADV sous le département : "
,"Département","Département : "
"Service achat","Service","Service : Service achat sous le département : "
,"Département","Département : "
"B2B","Service","Service : B2B sous le département : "
,"Département","Département : "
"Service achat","Service","Service : Service achat sous le département : "
,"Département","Département : "
"ADV","Service","Service : ADV sous le département : "
,"Département","Département : "
"Service Client","Service","Service : Service Client sous le département : "
,"Département","Département : "
"Service Client","Service","Service : Service Client sous le département : "
,"Département","Département : "
"Service achat","Service","Service : Service achat sous le département : "
,"Département","Département : "
"ADV","Service","Service : ADV sous le département : "
,"Département","Département : "
"B2B","Service","Service : B2B sous le département : "
,"Département","Département : "
"ADV","Service","Service : ADV sous le département : "
,"Département","Département : "
,"Service","Service :  sous le département : "
,"Département","Département : "
"B2B","Service","Service : B2B sous le département : "
,"Département","Département : "
"B2B","Service","Service : B2B sous le département : "
,"Département","Département : "
,"Service","Service :  sous le département : "
,"Département","Département : "
,"Service","Service :  sous le département : "
,"Département","Département : "
,"Service","Service :  sous le département : "
,"Département","Département : "
,"Service","Service :  sous le département : "
,"Département","Département : "
,"Service","Service :  sous le département : "
,"Département","Département : "
,"Service","Service :  sous le département : "
,"Département","Département : "
,"Service","Service :  sous le département : "
,"Département","Département : "
,"Service","Service :  sous le département : "
,"Département","Département : "
,"Service","Service :  sous le département : "
,"Département","Département : "
,"Service","Service :  sous le département : "
,"Département","Département : "
,"Service","Service :  sous le département : "
,"Département","Département : "
,"Service","Service :  sous le département : "
,"Département","Département : "
,"Service","Service :  sous le département : "
,"Département","Département : "
,"Service","Service :  sous le département : "
,"Département","Département : "
,"Service","Service :  sous le département : "
,"Département","Département : "
,"Service","Service :  sous le département : "
,"Département","Département : "
,"Service","Service :  sous le département : "
,"Département","Département : "
,"Service","Service :  sous le département : "
,"Département","Département : "
,"Service","Service :  sous le département : "
,"Département","Département : "
,"Service","Service :  sous le département : "
,"Département","Département : "
,"Service","Service :  sous le département : "
